{
  "2025-08-02": "Her Şeyim... Seninle geçen her an kalbimde sonsuzluk gibi iz bırakıyor.",
  "2025-08-03": "Güzelimm... iyi ki doğdun iyi ki varsın umarım gün içinde de çok eğlenirsin.Seni çok seviyorum.",
  "2025-08-04": "Simeamm bugün de doğum gününn. Yeniden iyi ki doğdunnn. Dünden dolayı biraz yorgun olabilirsin belki iyice dinlen...",
  "2025-08-05": "Elsam... Sensizlik fikri bile içimi ürpertiyor, hep yanımda ol.",
  "2025-08-06": "Birtanem... Sesin, huzurun en güzel hali gibi sarıyor ruhumu.",
  "2025-08-07": "Ömrüm... Birlikte kurduğumuz hayallerle her yeni güne umutla başlıyorum.",
  "2025-08-08": "Arwenim... Sana dokunduğumda tüm dünya susuyor, sadece kalbimizin sesi kalıyor.",
  "2025-08-09": "Hayatıma Anlam Katan Güzellik... Seninle olmak, hayatın anlamını yeniden yazmak gibi.",
  "2025-08-10": "Her Şeyim... Varlığınla tamamlanıyorum, sen olmadan hep bir şeyler eksik.",
  "2025-08-11": "Kıvırcığım... Kokun bana güvenin ve sevginin hikâyesini anlatıyor.",
  "2025-08-12": "Moanam... Senin gözlerinde kaybolmak, en güzel yolculuk benim için.",
  "2025-08-13": "Hayatıma Anlam Katan Güzellik... Aklım, kalbim, ruhum… hepsi sana ait sonsuza kadar.",
  "2025-08-14": "Her Şeyim... Hayatımın en güzel 'iyi ki'si sensin.",
  "2025-08-15": "Güzelim... Gülüşün, içimde çiçekler açtırıyor.",
  "2025-08-16": "Kıvırcığım... Sen benim en derin duam, en içten hayalim oldun.",
  "2025-08-17": "Elsam... Ne zaman göz göze gelsek, zaman duruyor sanki.",
  "2025-08-18": "Arwenim... Sana her baktığımda kalbim 'evet, işte bu' diyor.",
  "2025-08-19": "Sindirellam... Sevgin içimi ısıtan bir kış güneşi gibi.",
  "2025-08-20": "Sevgilim... Senin varlığınla karanlıklarım aydınlanıyor.",
  "2025-08-21": "Moanam... Yüreğimde bir tek senin adın yankılanıyor.",
  "2025-08-22": "Prensesim... Beni benden alıp, bambaşka bir dünyaya götürüyorsun.",
  "2025-08-23": "Simeam... Sen benim en tatlı alışkanlığım, en güzel tesadüfümsün.",
  "2025-08-24": "Birtanem... Birlikte yaşlanmak tek hayalim, sevgilim.",
  "2025-08-25": "Prensesim... Sana dokunduğumda bütün hayat susuyor.",
  "2025-08-26": "Prensesim... Seninle bir ömür değil, sonsuzluk bile yetmez bana.",
  "2025-08-27": "Moanam... Her sabah seninle uyanma fikri bile cennet gibi.",
  "2025-08-28": "Arwenim... Sensiz geçen gün, eksik bir hikâyeye benziyor.",
  "2025-08-29": "Kıvırcığım... Kalbim seni görünce dans ediyor.",
  "2025-08-30": "Güzelim... Seninle konuşmak bile yetiyor mutlu olmama.",
  "2025-08-31": "Elsam... Sonsuza dek kalbimde olacaksın, bunu bil yeter.",
  "2025-09-01": "Simeam... Varlığın ruhuma yazılmış bir şiir gibi.",
  "2025-09-02": "Galadrielim... Her gülüşün bana huzurun resmini çiziyor.",
  "2025-09-03": "Elsam... Senin gözlerinde saklı tüm cevaplar.",
  "2025-09-04": "Moanam... Yanımda olman her şeye bedel.",
  "2025-09-05": "Her Şeyim... Hayatımda sen varsın ya, başka bir şey istemem.",
  "2025-09-06": "Güzelim... Sana sarıldığımda dünya durabilir, umurumda değil.",
  "2025-09-07": "Moanam... Seninle her şey daha güzel, daha anlamlı, daha gerçek.",
  "2025-09-08": "Galadrielim... Gönlümdeki en özel yer hep senin.",
  "2025-09-09": "Her Şeyim... Sen benim mucizemsin.",
  "2025-09-10": "Elsam... Gülüşün kalbimin anahtarı.",
  "2025-09-11": "Prensesim... Aşkla atan her kalp senin gibi sevmeli.",
  "2025-09-12": "Arwenim... Gözlerin, gecemi aydınlatan en parlak yıldız gibi parlıyor.",
  "2025-09-13": "Prensesim... Kalbim seni düşündüğünde çiçek açıyor.",
  "2025-09-14": "Güzelim... Adını duyduğumda bile içim titriyor.",
  "2025-09-15": "Her Şeyim... Seninle geçen her saniye ömre bedel.",
  "2025-09-16": "Galadrielim... Varlığın içimi umutla dolduruyor.",
  "2025-09-17": "Sindirellam... Sen benim kalbimin diğer yarısısın.",
  "2025-09-18": "Birtanem... Bir bakışınla tüm dertlerim kayboluyor.",
  "2025-09-19": "Her Şeyim... Seninle geçen gün, en özel hikâyem oluyor.",
  "2025-09-20": "Prensesim... Yokluğun bile bana seni ne kadar sevdiğimi hatırlatıyor.",
  "2025-09-21": "Sevgilim... Kalbimde senin adınla başlayan bir şiir var.",
  "2025-09-22": "Elsam... Seninle geçen her an kalbimde sonsuzluk gibi iz bırakıyor.",
  "2025-09-23": "Her Şeyim... Gözlerin, gecemi aydınlatan en parlak yıldız gibi parlıyor.",
  "2025-09-24": "Kıvırcığım... Kalbim senin adını her atışında yeniden fısıldıyor.",
  "2025-09-25": "Hayatıma Anlam Katan Güzellik... Sensizlik fikri bile içimi ürpertiyor, hep yanımda ol.",
  "2025-09-26": "Güzelim... Sesin, huzurun en güzel hali gibi sarıyor ruhumu.",
  "2025-09-27": "Sevgilim... Birlikte kurduğumuz hayallerle her yeni güne umutla başlıyorum.",
  "2025-09-28": "Sindirellam... Sana dokunduğumda tüm dünya susuyor, sadece kalbimizin sesi kalıyor.",
  "2025-09-29": "Birtanem... Seninle olmak, hayatın anlamını yeniden yazmak gibi.",
  "2025-09-30": "Galadrielim... Varlığınla tamamlanıyorum, sen olmadan hep bir şeyler eksik.",
  "2025-10-01": "Hayatıma Anlam Katan Güzellik... Kokun bana güvenin ve sevginin hikâyesini anlatıyor.",
  "2025-10-02": "Kıvırcığım... Senin gözlerinde kaybolmak, en güzel yolculuk benim için.",
  "2025-10-03": "Arwenim... Aklım, kalbim, ruhum… hepsi sana ait artık.",
  "2025-10-04": "Prensesim... Hayatımın en güzel 'iyi ki'si sensin.",
  "2025-10-05": "Simeam... Gülüşün, içimde çiçekler açtırıyor.",
  "2025-10-06": "Arwenim... Sen benim en derin duam, en içten hayalim oldun.",
  "2025-10-07": "Ömrüm... Ne zaman göz göze gelsek, zaman duruyor sanki.",
  "2025-10-08": "Arwenim... Sana her baktığımda kalbim 'evet, işte bu' diyor.",
  "2025-10-09": "Elsam... Sevgin içimi ısıtan bir kış güneşi gibi.",
  "2025-10-10": "Moanam... Senin varlığınla karanlıklarım aydınlanıyor.",
  "2025-10-11": "Moanam... Yüreğimde bir tek senin adın yankılanıyor.",
  "2025-10-12": "Sindirellam... Beni benden alıp, bambaşka bir dünyaya götürüyorsun.",
  "2025-10-13": "Kıvırcığım... Sen benim en tatlı alışkanlığım, en güzel tesadüfümsün.",
  "2025-10-14": "Her Şeyim... Birlikte yaşlanmak tek hayalim, sevgilim.",
  "2025-10-15": "Ömrüm... Sana dokunduğumda bütün hayat susuyor.",
  "2025-10-16": "Sindirellam... Seninle bir ömür değil, sonsuzluk bile yetmez bana.",
  "2025-10-17": "Her Şeyim... Her sabah seninle uyanma fikri bile cennet gibi.",
  "2025-10-18": "Arwenim... Sensiz geçen gün, eksik bir hikâyeye benziyor.",
  "2025-10-19": "Ömrüm... Kalbim seni görünce dans ediyor.",
  "2025-10-20": "Hayatıma Anlam Katan Güzellik... Seninle konuşmak bile yetiyor mutlu olmama.",
  "2025-10-21": "Simeam... Sonsuza dek kalbimde olacaksın, bunu bil yeter.",
  "2025-10-22": "Kıvırcığım... Varlığın ruhuma yazılmış bir şiir gibi.",
  "2025-10-23": "Elsam... Her gülüşün bana huzurun resmini çiziyor.",
  "2025-10-24": "Arwenim... Senin gözlerinde saklı tüm cevaplar.",
  "2025-10-25": "Hayatıma Anlam Katan Güzellik... Yanımda olman her şeye bedel.",
  "2025-10-26": "Elsam... Hayatımda sen varsın ya, başka bir şey istemem.",
  "2025-10-27": "Arwenim... Sana sarıldığımda dünya durabilir, umurumda değil.",
  "2025-10-28": "Sindirellam... Seninle her şey daha güzel, daha anlamlı, daha gerçek.",
  "2025-10-29": "Hayatıma Anlam Katan Güzellik... Gönlümdeki en özel yer hep senin.",
  "2025-10-30": "Ömrüm... Sen benim mucizemsin.",
  "2025-10-31": "Ömrüm... Gülüşün kalbimin anahtarı.",
  "2025-11-01": "Elsam... Aşkla atan her kalp senin gibi sevmeli.",
  "2025-11-02": "Moanam... Senin yanında olmak, yıldızlara dokunmak gibi.",
  "2025-11-03": "Ömrüm... Kalbim seni düşündüğünde çiçek açıyor.",
  "2025-11-04": "Sevgilim... Adını duyduğumda bile içim titriyor.",
  "2025-11-05": "Moanam... Seninle geçen her saniye ömre bedel.",
  "2025-11-06": "Güzelim... Varlığın içimi umutla dolduruyor.",
  "2025-11-07": "Prensesim... Sen benim kalbimin diğer yarısısın.",
  "2025-11-08": "Elsam... Bir bakışınla tüm dertlerim kayboluyor.",
  "2025-11-09": "Moanam... Seninle geçen gün, en özel hikâyem oluyor.",
  "2025-11-10": "Sindirellam... Yokluğun bile bana seni ne kadar sevdiğimi hatırlatıyor.",
  "2025-11-11": "Arwenim... Kalbimde senin adınla başlayan bir şiir var.",
  "2025-11-12": "Galadrielim... Seninle geçen her an kalbimde sonsuzluk gibi iz bırakıyor.",
  "2025-11-13": "Arwenim... Gözlerin, gecemi aydınlatan en parlak yıldız gibi parlıyor.",
  "2025-11-14": "Hayatıma Anlam Katan Güzellik... Kalbim senin adını her atışında yeniden fısıldıyor.",
  "2025-11-15": "Prensesim... Sensizlik fikri bile içimi ürpertiyor, hep yanımda ol.",
  "2025-11-16": "Hayatıma Anlam Katan Güzellik... Sesin, huzurun en güzel hali gibi sarıyor ruhumu.",
  "2025-11-17": "Galadrielim... Birlikte kurduğumuz hayallerle her yeni güne umutla başlıyorum.",
  "2025-11-18": "Prensesim... Sana dokunduğumda tüm dünya susuyor, sadece kalbimizin sesi kalıyor.",
  "2025-11-19": "Moanam... Seninle olmak, hayatın anlamını yeniden yazmak gibi.",
  "2025-11-20": "Her Şeyim... Varlığınla tamamlanıyorum, sen olmadan hep bir şeyler eksik.",
  "2025-11-21": "Moanam... Kokun bana güvenin ve sevginin hikâyesini anlatıyor.",
  "2025-11-22": "Moanam... Senin gözlerinde kaybolmak, en güzel yolculuk benim için.",
  "2025-11-23": "Simeam... Aklım, kalbim, ruhum… hepsi sana ait artık.",
  "2025-11-24": "Prensesim... Hayatımın en güzel 'iyi ki'si sensin.",
  "2025-11-25": "Kıvırcığım... Gülüşün, içimde çiçekler açtırıyor.",
  "2025-11-26": "Güzelim... Sen benim en derin duam, en içten hayalim oldun.",
  "2025-11-27": "Ömrüm... Ne zaman göz göze gelsek, zaman duruyor sanki.",
  "2025-11-28": "Ömrüm... Sana her baktığımda kalbim 'evet, işte bu' diyor.",
  "2025-11-29": "Sindirellam... Sevgin içimi ısıtan bir kış güneşi gibi.",
  "2025-11-30": "Kıvırcığım... Senin varlığınla karanlıklarım aydınlanıyor.",
  "2025-12-01": "Elsam... Yüreğimde bir tek senin adın yankılanıyor.",
  "2025-12-02": "Elsam... Beni benden alıp, bambaşka bir dünyaya götürüyorsun.",
  "2025-12-03": "Sindirellam... Sen benim en tatlı alışkanlığım, en güzel tesadüfümsün.",
  "2025-12-04": "Sindirellam... Birlikte yaşlanmak tek hayalim, sevgilim.",
  "2025-12-05": "Hayatıma Anlam Katan Güzellik... Sana dokunduğumda bütün hayat susuyor.",
  "2025-12-06": "Simeam... Seninle bir ömür değil, sonsuzluk bile yetmez bana.",
  "2025-12-07": "Birtanem... Her sabah seninle uyanma fikri bile cennet gibi.",
  "2025-12-08": "Simeam... Sensiz geçen gün, eksik bir hikâyeye benziyor.",
  "2025-12-09": "Elsam... Kalbim seni görünce dans ediyor.",
  "2025-12-10": "Hayatıma Anlam Katan Güzellik... Seninle konuşmak bile yetiyor mutlu olmama.",
  "2025-12-11": "Güzelim... Sonsuza dek kalbimde olacaksın, bunu bil yeter.",
  "2025-12-12": "Moanam... Varlığın ruhuma yazılmış bir şiir gibi.",
  "2025-12-13": "Elsam... Her gülüşün bana huzurun resmini çiziyor.",
  "2025-12-14": "Hayatıma Anlam Katan Güzellik... Senin gözlerinde saklı tüm cevaplar.",
  "2025-12-15": "Arwenim... Yanımda olman her şeye bedel.",
  "2025-12-16": "Hayatıma Anlam Katan Güzellik... Hayatımda sen varsın ya, başka bir şey istemem.",
  "2025-12-17": "Birtanem... Sana sarıldığımda dünya durabilir, umurumda değil.",
  "2025-12-18": "Birtanem... Seninle her şey daha güzel, daha anlamlı, daha gerçek.",
  "2025-12-19": "Prensesim... Gönlümdeki en özel yer hep senin.",
  "2025-12-20": "Simeam... Sen benim mucizemsin.",
  "2025-12-21": "Prensesim... Gülüşün kalbimin anahtarı.",
  "2025-12-22": "Prensesim... Aşkla atan her kalp senin gibi sevmeli.",
  "2025-12-23": "Güzelim... Senin yanında olmak, yıldızlara dokunmak gibi.",
  "2025-12-24": "Sindirellam... Kalbim seni düşündüğünde çiçek açıyor.",
  "2025-12-25": "Kıvırcığım... Adını duyduğumda bile içim titriyor.",
  "2025-12-26": "Arwenim... Seninle geçen her saniye ömre bedel.",
  "2025-12-27": "Ömrüm... Varlığın içimi umutla dolduruyor.",
  "2025-12-28": "Sevgilim... Sen benim kalbimin diğer yarısısın.",
  "2025-12-29": "Güzelim... Bir bakışınla tüm dertlerim kayboluyor.",
  "2025-12-30": "Elsam... Seninle geçen gün, en özel hikâyem oluyor.",
  "2025-12-31": "Simeam... Yokluğun bile bana seni ne kadar sevdiğimi hatırlatıyor.",
  "2026-01-01": "Birtanem... Kalbimde senin adınla başlayan bir şiir var.",
  "2026-01-02": "Prensesim... Seninle geçen her an kalbimde sonsuzluk gibi iz bırakıyor.",
  "2026-01-03": "Arwenim... Gözlerin, gecemi aydınlatan en parlak yıldız gibi parlıyor.",
  "2026-01-04": "Galadrielim... Kalbim senin adını her atışında yeniden fısıldıyor.",
  "2026-01-05": "Sevgilim... Sensizlik fikri bile içimi ürpertiyor, hep yanımda ol.",
  "2026-01-06": "Sindirellam... Sesin, huzurun en güzel hali gibi sarıyor ruhumu.",
  "2026-01-07": "Elsam... Birlikte kurduğumuz hayallerle her yeni güne umutla başlıyorum.",
  "2026-01-08": "Her Şeyim... Sana dokunduğumda tüm dünya susuyor, sadece kalbimizin sesi kalıyor.",
  "2026-01-09": "Simeam... Seninle olmak, hayatın anlamını yeniden yazmak gibi.",
  "2026-01-10": "Elsam... Varlığınla tamamlanıyorum, sen olmadan hep bir şeyler eksik.",
  "2026-01-11": "Ömrüm... Kokun bana güvenin ve sevginin hikâyesini anlatıyor.",
  "2026-01-12": "Sevgilim... Senin gözlerinde kaybolmak, en güzel yolculuk benim için.",
  "2026-01-13": "Galadrielim... Aklım, kalbim, ruhum… hepsi sana ait artık.",
  "2026-01-14": "Prensesim... Hayatımın en güzel 'iyi ki'si sensin.",
  "2026-01-15": "Sevgilim... Gülüşün, içimde çiçekler açtırıyor.",
  "2026-01-16": "Galadrielim... Sen benim en derin duam, en içten hayalim oldun.",
  "2026-01-17": "Moanam... Ne zaman göz göze gelsek, zaman duruyor sanki.",
  "2026-01-18": "Prensesim... Sana her baktığımda kalbim 'evet, işte bu' diyor.",
  "2026-01-19": "Sindirellam... Sevgin içimi ısıtan bir kış güneşi gibi.",
  "2026-01-20": "Her Şeyim... Senin varlığınla karanlıklarım aydınlanıyor.",
  "2026-01-21": "Birtanem... Yüreğimde bir tek senin adın yankılanıyor.",
  "2026-01-22": "Sevgilim... Beni benden alıp, bambaşka bir dünyaya götürüyorsun.",
  "2026-01-23": "Galadrielim... Sen benim en tatlı alışkanlığım, en güzel tesadüfümsün.",
  "2026-01-24": "Elsam... Birlikte yaşlanmak tek hayalim, sevgilim.",
  "2026-01-25": "Arwenim... Sana dokunduğumda bütün hayat susuyor.",
  "2026-01-26": "Sindirellam... Seninle bir ömür değil, sonsuzluk bile yetmez bana.",
  "2026-01-27": "Her Şeyim... Her sabah seninle uyanma fikri bile cennet gibi.",
  "2026-01-28": "Simeam... Sensiz geçen gün, eksik bir hikâyeye benziyor.",
  "2026-01-29": "Arwenim... Kalbim seni görünce dans ediyor.",
  "2026-01-30": "Güzelim... Seninle konuşmak bile yetiyor mutlu olmama.",
  "2026-01-31": "Güzelim... Sonsuza dek kalbimde olacaksın, bunu bil yeter.",
  "2026-02-01": "Güzelim... Varlığın ruhuma yazılmış bir şiir gibi.",
  "2026-02-02": "Arwenim... Her gülüşün bana huzurun resmini çiziyor.",
  "2026-02-03": "Sindirellam... Senin gözlerinde saklı tüm cevaplar.",
  "2026-02-04": "Sindirellam... Yanımda olman her şeye bedel.",
  "2026-02-05": "Arwenim... Hayatımda sen varsın ya, başka bir şey istemem.",
  "2026-02-06": "Prensesim... Sana sarıldığımda dünya durabilir, umurumda değil.",
  "2026-02-07": "Galadrielim... Seninle her şey daha güzel, daha anlamlı, daha gerçek.",
  "2026-02-08": "Galadrielim... Gönlümdeki en özel yer hep senin.",
  "2026-02-09": "Moanam... Sen benim mucizemsin.",
  "2026-02-10": "Kıvırcığım... Gülüşün kalbimin anahtarı.",
  "2026-02-11": "Birtanem... Aşkla atan her kalp senin gibi sevmeli.",
  "2026-02-12": "Sindirellam... Senin yanında olmak, yıldızlara dokunmak gibi.",
  "2026-02-13": "Sevgilim... Kalbim seni düşündüğünde çiçek açıyor.",
  "2026-02-14": "Galadrielim... Adını duyduğumda bile içim titriyor.",
  "2026-02-15": "Birtanem... Seninle geçen her saniye ömre bedel.",
  "2026-02-16": "Elsam... Varlığın içimi umutla dolduruyor.",
  "2026-02-17": "Galadrielim... Sen benim kalbimin diğer yarısısın.",
  "2026-02-18": "Her Şeyim... Bir bakışınla tüm dertlerim kayboluyor.",
  "2026-02-19": "Birtanem... Seninle geçen gün, en özel hikâyem oluyor.",
  "2026-02-20": "Birtanem... Yokluğun bile bana seni ne kadar sevdiğimi hatırlatıyor.",
  "2026-02-21": "Ömrüm... Kalbimde senin adınla başlayan bir şiir var.",
  "2026-02-22": "Simeam... Seninle geçen her an kalbimde sonsuzluk gibi iz bırakıyor.",
  "2026-02-23": "Hayatıma Anlam Katan Güzellik... Gözlerin, gecemi aydınlatan en parlak yıldız gibi parlıyor.",
  "2026-02-24": "Kıvırcığım... Kalbim senin adını her atışında yeniden fısıldıyor.",
  "2026-02-25": "Sindirellam... Sensizlik fikri bile içimi ürpertiyor, hep yanımda ol.",
  "2026-02-26": "Her Şeyim... Sesin, huzurun en güzel hali gibi sarıyor ruhumu.",
  "2026-02-27": "Sindirellam... Birlikte kurduğumuz hayallerle her yeni güne umutla başlıyorum.",
  "2026-02-28": "Galadrielim... Sana dokunduğumda tüm dünya susuyor, sadece kalbimizin sesi kalıyor.",
  "2026-03-01": "Sevgilim... Seninle olmak, hayatın anlamını yeniden yazmak gibi.",
  "2026-03-02": "Her Şeyim... Varlığınla tamamlanıyorum, sen olmadan hep bir şeyler eksik.",
  "2026-03-03": "Ömrüm... Kokun bana güvenin ve sevginin hikâyesini anlatıyor.",
  "2026-03-04": "Sevgilim... Senin gözlerinde kaybolmak, en güzel yolculuk benim için.",
  "2026-03-05": "Hayatıma Anlam Katan Güzellik... Aklım, kalbim, ruhum… hepsi sana ait artık.",
  "2026-03-06": "Galadrielim... Hayatımın en güzel 'iyi ki'si sensin.",
  "2026-03-07": "Ömrüm... Gülüşün, içimde çiçekler açtırıyor.",
  "2026-03-08": "Prensesim... Sen benim en derin duam, en içten hayalim oldun.",
  "2026-03-09": "Kıvırcığım... Ne zaman göz göze gelsek, zaman duruyor sanki.",
  "2026-03-10": "Arwenim... Sana her baktığımda kalbim 'evet, işte bu' diyor.",
  "2026-03-11": "Simeam... Sevgin içimi ısıtan bir kış güneşi gibi.",
  "2026-03-12": "Ömrüm... Senin varlığınla karanlıklarım aydınlanıyor.",
  "2026-03-13": "Güzelim... Yüreğimde bir tek senin adın yankılanıyor.",
  "2026-03-14": "Moanam... Beni benden alıp, bambaşka bir dünyaya götürüyorsun.",
  "2026-03-15": "Her Şeyim... Sen benim en tatlı alışkanlığım, en güzel tesadüfümsün.",
  "2026-03-16": "Prensesim... Birlikte yaşlanmak tek hayalim, sevgilim.",
  "2026-03-17": "Hayatıma Anlam Katan Güzellik... Sana dokunduğumda bütün hayat susuyor.",
  "2026-03-18": "Kıvırcığım... Seninle bir ömür değil, sonsuzluk bile yetmez bana.",
  "2026-03-19": "Güzelim... Her sabah seninle uyanma fikri bile cennet gibi.",
  "2026-03-20": "Prensesim... Sensiz geçen gün, eksik bir hikâyeye benziyor.",
  "2026-03-21": "Galadrielim... Kalbim seni görünce dans ediyor.",
  "2026-03-22": "Sevgilim... Seninle konuşmak bile yetiyor mutlu olmama.",
  "2026-03-23": "Moanam... Sonsuza dek kalbimde olacaksın, bunu bil yeter.",
  "2026-03-24": "Güzelim... Varlığın ruhuma yazılmış bir şiir gibi.",
  "2026-03-25": "Arwenim... Her gülüşün bana huzurun resmini çiziyor.",
  "2026-03-26": "Ömrüm... Senin gözlerinde saklı tüm cevaplar.",
  "2026-03-27": "Galadrielim... Yanımda olman her şeye bedel.",
  "2026-03-28": "Sevgilim... Hayatımda sen varsın ya, başka bir şey istemem.",
  "2026-03-29": "Moanam... Sana sarıldığımda dünya durabilir, umurumda değil.",
  "2026-03-30": "Simeam... Seninle her şey daha güzel, daha anlamlı, daha gerçek.",
  "2026-03-31": "Hayatıma Anlam Katan Güzellik... Gönlümdeki en özel yer hep senin.",
  "2026-04-01": "Moanam... Sen benim mucizemsin.",
  "2026-04-02": "Moanam... Gülüşün kalbimin anahtarı.",
  "2026-04-03": "Galadrielim... Aşkla atan her kalp senin gibi sevmeli.",
  "2026-04-04": "Moanam... Senin yanında olmak, yıldızlara dokunmak gibi.",
  "2026-04-05": "Her Şeyim... Kalbim seni düşündüğünde çiçek açıyor.",
  "2026-04-06": "Birtanem... Adını duyduğumda bile içim titriyor.",
  "2026-04-07": "Güzelim... Seninle geçen her saniye ömre bedel.",
  "2026-04-08": "Simeam... Varlığın içimi umutla dolduruyor.",
  "2026-04-09": "Ömrüm... Sen benim kalbimin diğer yarısısın.",
  "2026-04-10": "Güzelim... Bir bakışınla tüm dertlerim kayboluyor.",
  "2026-04-11": "Her Şeyim... Seninle geçen gün, en özel hikâyem oluyor.",
  "2026-04-12": "Arwenim... Yokluğun bile bana seni ne kadar sevdiğimi hatırlatıyor.",
  "2026-04-13": "Ömrüm... Kalbimde senin adınla başlayan bir şiir var.",
  "2026-04-14": "Ömrüm... Seninle geçen her an kalbimde sonsuzluk gibi iz bırakıyor.",
  "2026-04-15": "Birtanem... Gözlerin, gecemi aydınlatan en parlak yıldız gibi parlıyor.",
  "2026-04-16": "Simeam... Kalbim senin adını her atışında yeniden fısıldıyor.",
  "2026-04-17": "Kıvırcığım... Sensizlik fikri bile içimi ürpertiyor, hep yanımda ol.",
  "2026-04-18": "Güzelim... Sesin, huzurun en güzel hali gibi sarıyor ruhumu.",
  "2026-04-19": "Sevgilim... Birlikte kurduğumuz hayallerle her yeni güne umutla başlıyorum.",
  "2026-04-20": "Güzelim... Sana dokunduğumda tüm dünya susuyor, sadece kalbimizin sesi kalıyor.",
  "2026-04-21": "Sevgilim... Seninle olmak, hayatın anlamını yeniden yazmak gibi.",
  "2026-04-22": "Elsam... Varlığınla tamamlanıyorum, sen olmadan hep bir şeyler eksik.",
  "2026-04-23": "Ömrüm... Kokun bana güvenin ve sevginin hikâyesini anlatıyor.",
  "2026-04-24": "Elsam... Senin gözlerinde kaybolmak, en güzel yolculuk benim için.",
  "2026-04-25": "Birtanem... Aklım, kalbim, ruhum… hepsi sana ait artık.",
  "2026-04-26": "Her Şeyim... Hayatımın en güzel 'iyi ki'si sensin.",
  "2026-04-27": "Güzelim... Gülüşün, içimde çiçekler açtırıyor.",
  "2026-04-28": "Galadrielim... Sen benim en derin duam, en içten hayalim oldun.",
  "2026-04-29": "Prensesim... Ne zaman göz göze gelsek, zaman duruyor sanki.",
  "2026-04-30": "Simeam... Sana her baktığımda kalbim 'evet, işte bu' diyor.",
  "2026-05-01": "Elsam... Sevgin içimi ısıtan bir kış güneşi gibi.",
  "2026-05-02": "Arwenim... Senin varlığınla karanlıklarım aydınlanıyor.",
  "2026-05-03": "Moanam... Yüreğimde bir tek senin adın yankılanıyor.",
  "2026-05-04": "Ömrüm... Beni benden alıp, bambaşka bir dünyaya götürüyorsun.",
  "2026-05-05": "Kıvırcığım... Sen benim en tatlı alışkanlığım, en güzel tesadüfümsün.",
  "2026-05-06": "Güzelim... Birlikte yaşlanmak tek hayalim, sevgilim.",
  "2026-05-07": "Sindirellam... Sana dokunduğumda bütün hayat susuyor.",
  "2026-05-08": "Her Şeyim... Seninle bir ömür değil, sonsuzluk bile yetmez bana.",
  "2026-05-09": "Birtanem... Her sabah seninle uyanma fikri bile cennet gibi.",
  "2026-05-10": "Simeam... Sensiz geçen gün, eksik bir hikâyeye benziyor.",
  "2026-05-11": "Ömrüm... Kalbim seni görünce dans ediyor.",
  "2026-05-12": "Galadrielim... Seninle konuşmak bile yetiyor mutlu olmama.",
  "2026-05-13": "Elsam... Sonsuza dek kalbimde olacaksın, bunu bil yeter.",
  "2026-05-14": "Galadrielim... Varlığın ruhuma yazılmış bir şiir gibi.",
  "2026-05-15": "Elsam... Her gülüşün bana huzurun resmini çiziyor.",
  "2026-05-16": "Prensesim... Senin gözlerinde saklı tüm cevaplar.",
  "2026-05-17": "Sevgilim... Yanımda olman her şeye bedel.",
  "2026-05-18": "Kıvırcığım... Hayatımda sen varsın ya, başka bir şey istemem.",
  "2026-05-19": "Sevgilim... Sana sarıldığımda dünya durabilir, umurumda değil.",
  "2026-05-20": "Birtanem... Seninle her şey daha güzel, daha anlamlı, daha gerçek.",
  "2026-05-21": "Hayatıma Anlam Katan Güzellik... Gönlümdeki en özel yer hep senin.",
  "2026-05-22": "Simeam... Sen benim mucizemsin.",
  "2026-05-23": "Sindirellam... Gülüşün kalbimin anahtarı.",
  "2026-05-24": "Prensesim... Aşkla atan her kalp senin gibi sevmeli.",
  "2026-05-25": "Sindirellam... Senin yanında olmak, yıldızlara dokunmak gibi.",
  "2026-05-26": "Arwenim... Kalbim seni düşündüğünde çiçek açıyor.",
  "2026-05-27": "Sevgilim... Adını duyduğumda bile içim titriyor.",
  "2026-05-28": "Sevgilim... Seninle geçen her saniye ömre bedel.",
  "2026-05-29": "Simeam... Varlığın içimi umutla dolduruyor.",
  "2026-05-30": "Sindirellam... Sen benim kalbimin diğer yarısısın.",
  "2026-05-31": "Arwenim... Bir bakışınla tüm dertlerim kayboluyor.",
  "2026-06-01": "Arwenim... Seninle geçen gün, en özel hikâyem oluyor.",
  "2026-06-02": "Birtanem... Yokluğun bile bana seni ne kadar sevdiğimi hatırlatıyor.",
  "2026-06-03": "Moanam... Kalbimde senin adınla başlayan bir şiir var.",
  "2026-06-04": "Güzelim... Seninle geçen her an kalbimde sonsuzluk gibi iz bırakıyor.",
  "2026-06-05": "Ömrüm... Gözlerin, gecemi aydınlatan en parlak yıldız gibi parlıyor.",
  "2026-06-06": "Birtanem... Kalbim senin adını her atışında yeniden fısıldıyor.",
  "2026-06-07": "Kıvırcığım... Sensizlik fikri bile içimi ürpertiyor, hep yanımda ol.",
  "2026-06-08": "Güzelim... Sesin, huzurun en güzel hali gibi sarıyor ruhumu.",
  "2026-06-09": "Moanam... Birlikte kurduğumuz hayallerle her yeni güne umutla başlıyorum.",
  "2026-06-10": "Sindirellam... Sana dokunduğumda tüm dünya susuyor, sadece kalbimizin sesi kalıyor.",
  "2026-06-11": "Birtanem... Seninle olmak, hayatın anlamını yeniden yazmak gibi.",
  "2026-06-12": "Prensesim... Varlığınla tamamlanıyorum, sen olmadan hep bir şeyler eksik.",
  "2026-06-13": "Her Şeyim... Kokun bana güvenin ve sevginin hikâyesini anlatıyor.",
  "2026-06-14": "Hayatıma Anlam Katan Güzellik... Senin gözlerinde kaybolmak, en güzel yolculuk benim için.",
  "2026-06-15": "Sindirellam... Aklım, kalbim, ruhum… hepsi sana ait artık.",
  "2026-06-16": "Hayatıma Anlam Katan Güzellik... Hayatımın en güzel 'iyi ki'si sensin.",
  "2026-06-17": "Hayatıma Anlam Katan Güzellik... Gülüşün, içimde çiçekler açtırıyor.",
  "2026-06-18": "Güzelim... Sen benim en derin duam, en içten hayalim oldun.",
  "2026-06-19": "Elsam... Ne zaman göz göze gelsek, zaman duruyor sanki.",
  "2026-06-20": "Hayatıma Anlam Katan Güzellik... Sana her baktığımda kalbim 'evet, işte bu' diyor.",
  "2026-06-21": "Sindirellam... Sevgin içimi ısıtan bir kış güneşi gibi.",
  "2026-06-22": "Simeam... Senin varlığınla karanlıklarım aydınlanıyor.",
  "2026-06-23": "Galadrielim... Yüreğimde bir tek senin adın yankılanıyor.",
  "2026-06-24": "Galadrielim... Beni benden alıp, bambaşka bir dünyaya götürüyorsun.",
  "2026-06-25": "Hayatıma Anlam Katan Güzellik... Sen benim en tatlı alışkanlığım, en güzel tesadüfümsün.",
  "2026-06-26": "Hayatıma Anlam Katan Güzellik... Birlikte yaşlanmak tek hayalim, sevgilim.",
  "2026-06-27": "Güzelim... Sana dokunduğumda bütün hayat susuyor.",
  "2026-06-28": "Simeam... Seninle bir ömür değil, sonsuzluk bile yetmez bana.",
  "2026-06-29": "Güzelim... Her sabah seninle uyanma fikri bile cennet gibi.",
  "2026-06-30": "Her Şeyim... Sensiz geçen gün, eksik bir hikâyeye benziyor.",
  "2026-07-01": "Moanam... Kalbim seni görünce dans ediyor.",
  "2026-07-02": "Kıvırcığım... Seninle konuşmak bile yetiyor mutlu olmama.",
  "2026-07-03": "Sindirellam... Sonsuza dek kalbimde olacaksın, bunu bil yeter.",
  "2026-07-04": "Prensesim... Varlığın ruhuma yazılmış bir şiir gibi.",
  "2026-07-05": "Prensesim... Her gülüşün bana huzurun resmini çiziyor.",
  "2026-07-06": "Arwenim... Senin gözlerinde saklı tüm cevaplar.",
  "2026-07-07": "Ömrüm... Yanımda olman her şeye bedel.",
  "2026-07-08": "Hayatıma Anlam Katan Güzellik... Hayatımda sen varsın ya, başka bir şey istemem.",
  "2026-07-09": "Her Şeyim... Sana sarıldığımda dünya durabilir, umurumda değil.",
  "2026-07-10": "Hayatıma Anlam Katan Güzellik... Seninle her şey daha güzel, daha anlamlı, daha gerçek.",
  "2026-07-11": "Hayatıma Anlam Katan Güzellik... Gönlümdeki en özel yer hep senin.",
  "2026-07-12": "Güzelim... Sen benim mucizemsin.",
  "2026-07-13": "Sindirellam... Gülüşün kalbimin anahtarı.",
  "2026-07-14": "Simeam... Aşkla atan her kalp senin gibi sevmeli.",
  "2026-07-15": "Kıvırcığım... Senin yanında olmak, yıldızlara dokunmak gibi.",
  "2026-07-16": "Sevgilim... Kalbim seni düşündüğünde çiçek açıyor.",
  "2026-07-17": "Simeam... Adını duyduğumda bile içim titriyor.",
  "2026-07-18": "Sevgilim... Seninle geçen her saniye ömre bedel.",
  "2026-07-19": "Her Şeyim... Varlığın içimi umutla dolduruyor.",
  "2026-07-20": "Her Şeyim... Sen benim kalbimin diğer yarısısın.",
  "2026-07-21": "Kıvırcığım... Bir bakışınla tüm dertlerim kayboluyor.",
  "2026-07-22": "Sindirellam... Seninle geçen gün, en özel hikâyem oluyor.",
  "2026-07-23": "Prensesim... Yokluğun bile bana seni ne kadar sevdiğimi hatırlatıyor.",
  "2026-07-24": "Hayatıma Anlam Katan Güzellik... Kalbimde senin adınla başlayan bir şiir var.",
  "2026-07-25": "Galadrielim... Seninle geçen her an kalbimde sonsuzluk gibi iz bırakıyor.",
  "2026-07-26": "Her Şeyim... Gözlerin, gecemi aydınlatan en parlak yıldız gibi parlıyor.",
  "2026-07-27": "Kıvırcığım... Kalbim senin adını her atışında yeniden fısıldıyor.",
  "2026-07-28": "Birtanem... Sensizlik fikri bile içimi ürpertiyor, hep yanımda ol.",
  "2026-07-29": "Ömrüm... Sesin, huzurun en güzel hali gibi sarıyor ruhumu.",
  "2026-07-30": "Simeam... Birlikte kurduğumuz hayallerle her yeni güne umutla başlıyorum.",
  "2026-07-31": "Hayatıma Anlam Katan Güzellik... Sana dokunduğumda tüm dünya susuyor, sadece kalbimizin sesi kalıyor.",
  "2026-08-01": "Moanam... Seninle olmak, hayatın anlamını yeniden yazmak gibi.",
  "2026-08-02": "Kıvırcığım... Varlığınla tamamlanıyorum, sen olmadan hep bir şeyler eksik.",
  "2026-08-03": "Simeam... Kokun bana güvenin ve sevginin hikâyesini anlatıyor.",
  "2026-08-04": "Sindirellam... Senin gözlerinde kaybolmak, en güzel yolculuk benim için.",
  "2026-08-05": "Simeam... Aklım, kalbim, ruhum… hepsi sana ait artık.",
  "2026-08-06": "Kıvırcığım... Hayatımın en güzel 'iyi ki'si sensin.",
  "2026-08-07": "Her Şeyim... Gülüşün, içimde çiçekler açtırıyor.",
  "2026-08-08": "Güzelim... Sen benim en derin duam, en içten hayalim oldun.",
  "2026-08-09": "Galadrielim... Ne zaman göz göze gelsek, zaman duruyor sanki.",
  "2026-08-10": "Sevgilim... Sana her baktığımda kalbim 'evet, işte bu' diyor.",
  "2026-08-11": "Hayatıma Anlam Katan Güzellik... Sevgin içimi ısıtan bir kış güneşi gibi.",
  "2026-08-12": "Güzelim... Senin varlığınla karanlıklarım aydınlanıyor.",
  "2026-08-13": "Ömrüm... Yüreğimde bir tek senin adın yankılanıyor.",
  "2026-08-14": "Prensesim... Beni benden alıp, bambaşka bir dünyaya götürüyorsun.",
  "2026-08-15": "Birtanem... Sen benim en tatlı alışkanlığım, en güzel tesadüfümsün.",
  "2026-08-16": "Birtanem... Birlikte yaşlanmak tek hayalim, sevgilim.",
  "2026-08-17": "Sindirellam... Sana dokunduğumda bütün hayat susuyor.",
  "2026-08-18": "Ömrüm... Seninle bir ömür değil, sonsuzluk bile yetmez bana.",
  "2026-08-19": "Arwenim... Her sabah seninle uyanma fikri bile cennet gibi.",
  "2026-08-20": "Birtanem... Sensiz geçen gün, eksik bir hikâyeye benziyor.",
  "2026-08-21": "Güzelim... Kalbim seni görünce dans ediyor.",
  "2026-08-22": "Birtanem... Seninle konuşmak bile yetiyor mutlu olmama.",
  "2026-08-23": "Arwenim... Sonsuza dek kalbimde olacaksın, bunu bil yeter.",
  "2026-08-24": "Galadrielim... Varlığın ruhuma yazılmış bir şiir gibi.",
  "2026-08-25": "Simeam... Her gülüşün bana huzurun resmini çiziyor.",
  "2026-08-26": "Arwenim... Senin gözlerinde saklı tüm cevaplar.",
  "2026-08-27": "Ömrüm... Yanımda olman her şeye bedel.",
  "2026-08-28": "Simeam... Hayatımda sen varsın ya, başka bir şey istemem.",
  "2026-08-29": "Simeam... Sana sarıldığımda dünya durabilir, umurumda değil.",
  "2026-08-30": "Kıvırcığım... Seninle her şey daha güzel, daha anlamlı, daha gerçek.",
  "2026-08-31": "Prensesim... Gönlümdeki en özel yer hep senin.",
  "2026-09-01": "Her Şeyim... Sen benim mucizemsin.",
  "2026-09-02": "Prensesim... Gülüşün kalbimin anahtarı.",
  "2026-09-03": "Simeam... Aşkla atan her kalp senin gibi sevmeli.",
  "2026-09-04": "Güzelim... Senin yanında olmak, yıldızlara dokunmak gibi.",
  "2026-09-05": "Kıvırcığım... Kalbim seni düşündüğünde çiçek açıyor.",
  "2026-09-06": "Birtanem... Adını duyduğumda bile içim titriyor.",
  "2026-09-07": "Birtanem... Seninle geçen her saniye ömre bedel.",
  "2026-09-08": "Simeam... Varlığın içimi umutla dolduruyor.",
  "2026-09-09": "Birtanem... Sen benim kalbimin diğer yarısısın.",
  "2026-09-10": "Elsam... Bir bakışınla tüm dertlerim kayboluyor.",
  "2026-09-11": "Sevgilim... Seninle geçen gün, en özel hikâyem oluyor.",
  "2026-09-12": "Hayatıma Anlam Katan Güzellik... Yokluğun bile bana seni ne kadar sevdiğimi hatırlatıyor.",
  "2026-09-13": "Sindirellam... Kalbimde senin adınla başlayan bir şiir var.",
  "2026-09-14": "Her Şeyim... Seninle geçen her an kalbimde sonsuzluk gibi iz bırakıyor.",
  "2026-09-15": "Ömrüm... Gözlerin, gecemi aydınlatan en parlak yıldız gibi parlıyor.",
  "2026-09-16": "Kıvırcığım... Kalbim senin adını her atışında yeniden fısıldıyor.",
  "2026-09-17": "Güzelim... Sensizlik fikri bile içimi ürpertiyor, hep yanımda ol.",
  "2026-09-18": "Kıvırcığım... Sesin, huzurun en güzel hali gibi sarıyor ruhumu.",
  "2026-09-19": "Arwenim... Birlikte kurduğumuz hayallerle her yeni güne umutla başlıyorum.",
  "2026-09-20": "Prensesim... Sana dokunduğumda tüm dünya susuyor, sadece kalbimizin sesi kalıyor.",
  "2026-09-21": "Sindirellam... Seninle olmak, hayatın anlamını yeniden yazmak gibi.",
  "2026-09-22": "Hayatıma Anlam Katan Güzellik... Varlığınla tamamlanıyorum, sen olmadan hep bir şeyler eksik.",
  "2026-09-23": "Galadrielim... Kokun bana güvenin ve sevginin hikâyesini anlatıyor.",
  "2026-09-24": "Ömrüm... Senin gözlerinde kaybolmak, en güzel yolculuk benim için.",
  "2026-09-25": "Sevgilim... Aklım, kalbim, ruhum… hepsi sana ait artık.",
  "2026-09-26": "Güzelim... Hayatımın en güzel 'iyi ki'si sensin.",
  "2026-09-27": "Moanam... Gülüşün, içimde çiçekler açtırıyor.",
  "2026-09-28": "Galadrielim... Sen benim en derin duam, en içten hayalim oldun.",
  "2026-09-29": "Simeam... Ne zaman göz göze gelsek, zaman duruyor sanki.",
  "2026-09-30": "Elsam... Sana her baktığımda kalbim 'evet, işte bu' diyor.",
  "2026-10-01": "Kıvırcığım... Sevgin içimi ısıtan bir kış güneşi gibi.",
  "2026-10-02": "Galadrielim... Senin varlığınla karanlıklarım aydınlanıyor.",
  "2026-10-03": "Birtanem... Yüreğimde bir tek senin adın yankılanıyor.",
  "2026-10-04": "Kıvırcığım... Beni benden alıp, bambaşka bir dünyaya götürüyorsun.",
  "2026-10-05": "Güzelim... Sen benim en tatlı alışkanlığım, en güzel tesadüfümsün.",
  "2026-10-06": "Prensesim... Birlikte yaşlanmak tek hayalim, sevgilim.",
  "2026-10-07": "Ömrüm... Sana dokunduğumda bütün hayat susuyor.",
  "2026-10-08": "Galadrielim... Seninle bir ömür değil, sonsuzluk bile yetmez bana.",
  "2026-10-09": "Ömrüm... Her sabah seninle uyanma fikri bile cennet gibi.",
  "2026-10-10": "Sevgilim... Sensiz geçen gün, eksik bir hikâyeye benziyor.",
  "2026-10-11": "Ömrüm... Kalbim seni görünce dans ediyor.",
  "2026-10-12": "Her Şeyim... Seninle konuşmak bile yetiyor mutlu olmama.",
  "2026-10-13": "Arwenim... Sonsuza dek kalbimde olacaksın, bunu bil yeter.",
  "2026-10-14": "Sindirellam... Varlığın ruhuma yazılmış bir şiir gibi.",
  "2026-10-15": "Arwenim... Her gülüşün bana huzurun resmini çiziyor.",
  "2026-10-16": "Galadrielim... Senin gözlerinde saklı tüm cevaplar.",
  "2026-10-17": "Kıvırcığım... Yanımda olman her şeye bedel.",
  "2026-10-18": "Galadrielim... Hayatımda sen varsın ya, başka bir şey istemem.",
  "2026-10-19": "Moanam... Sana sarıldığımda dünya durabilir, umurumda değil.",
  "2026-10-20": "Moanam... Seninle her şey daha güzel, daha anlamlı, daha gerçek.",
  "2026-10-21": "Güzelim... Gönlümdeki en özel yer hep senin.",
  "2026-10-22": "Prensesim... Sen benim mucizemsin.",
  "2026-10-23": "Prensesim... Gülüşün kalbimin anahtarı.",
  "2026-10-24": "Birtanem... Aşkla atan her kalp senin gibi sevmeli.",
  "2026-10-25": "Sevgilim... Senin yanında olmak, yıldızlara dokunmak gibi.",
  "2026-10-26": "Moanam... Kalbim seni düşündüğünde çiçek açıyor.",
  "2026-10-27": "Prensesim... Adını duyduğumda bile içim titriyor.",
  "2026-10-28": "Güzelim... Seninle geçen her saniye ömre bedel.",
  "2026-10-29": "Prensesim... Varlığın içimi umutla dolduruyor.",
  "2026-10-30": "Prensesim... Sen benim kalbimin diğer yarısısın.",
  "2026-10-31": "Moanam... Bir bakışınla tüm dertlerim kayboluyor.",
  "2026-11-01": "Arwenim... Seninle geçen gün, en özel hikâyem oluyor.",
  "2026-11-02": "Sevgilim... Yokluğun bile bana seni ne kadar sevdiğimi hatırlatıyor.",
  "2026-11-03": "Ömrüm... Kalbimde senin adınla başlayan bir şiir var.",
  "2026-11-04": "Sevgilim... Seninle geçen her an kalbimde sonsuzluk gibi iz bırakıyor.",
  "2026-11-05": "Kıvırcığım... Gözlerin, gecemi aydınlatan en parlak yıldız gibi parlıyor.",
  "2026-11-06": "Hayatıma Anlam Katan Güzellik... Kalbim senin adını her atışında yeniden fısıldıyor.",
  "2026-11-07": "Hayatıma Anlam Katan Güzellik... Sensizlik fikri bile içimi ürpertiyor, hep yanımda ol.",
  "2026-11-08": "Sevgilim... Sesin, huzurun en güzel hali gibi sarıyor ruhumu.",
  "2026-11-09": "Güzelim... Birlikte kurduğumuz hayallerle her yeni güne umutla başlıyorum.",
  "2026-11-10": "Arwenim... Sana dokunduğumda tüm dünya susuyor, sadece kalbimizin sesi kalıyor.",
  "2026-11-11": "Birtanem... Seninle olmak, hayatın anlamını yeniden yazmak gibi.",
  "2026-11-12": "Güzelim... Varlığınla tamamlanıyorum, sen olmadan hep bir şeyler eksik.",
  "2026-11-13": "Birtanem... Kokun bana güvenin ve sevginin hikâyesini anlatıyor.",
  "2026-11-14": "Kıvırcığım... Senin gözlerinde kaybolmak, en güzel yolculuk benim için.",
  "2026-11-15": "Simeam... Aklım, kalbim, ruhum… hepsi sana ait artık.",
  "2026-11-16": "Elsam... Hayatımın en güzel 'iyi ki'si sensin.",
  "2026-11-17": "Birtanem... Gülüşün, içimde çiçekler açtırıyor.",
  "2026-11-18": "Kıvırcığım... Sen benim en derin duam, en içten hayalim oldun.",
  "2026-11-19": "Birtanem... Ne zaman göz göze gelsek, zaman duruyor sanki.",
  "2026-11-20": "Prensesim... Sana her baktığımda kalbim 'evet, işte bu' diyor.",
  "2026-11-21": "Simeam... Sevgin içimi ısıtan bir kış güneşi gibi.",
  "2026-11-22": "Galadrielim... Senin varlığınla karanlıklarım aydınlanıyor.",
  "2026-11-23": "Arwenim... Yüreğimde bir tek senin adın yankılanıyor.",
  "2026-11-24": "Elsam... Beni benden alıp, bambaşka bir dünyaya götürüyorsun.",
  "2026-11-25": "Sindirellam... Sen benim en tatlı alışkanlığım, en güzel tesadüfümsün.",
  "2026-11-26": "Kıvırcığım... Birlikte yaşlanmak tek hayalim, sevgilim.",
  "2026-11-27": "Birtanem... Sana dokunduğumda bütün hayat susuyor.",
  "2026-11-28": "Galadrielim... Seninle bir ömür değil, sonsuzluk bile yetmez bana.",
  "2026-11-29": "Birtanem... Her sabah seninle uyanma fikri bile cennet gibi.",
  "2026-11-30": "Her Şeyim... Sensiz geçen gün, eksik bir hikâyeye benziyor.",
  "2026-12-01": "Sindirellam... Kalbim seni görünce dans ediyor.",
  "2026-12-02": "Galadrielim... Seninle konuşmak bile yetiyor mutlu olmama.",
  "2026-12-03": "Prensesim... Sonsuza dek kalbimde olacaksın, bunu bil yeter.",
  "2026-12-04": "Ömrüm... Varlığın ruhuma yazılmış bir şiir gibi.",
  "2026-12-05": "Birtanem... Her gülüşün bana huzurun resmini çiziyor.",
  "2026-12-06": "Sindirellam... Senin gözlerinde saklı tüm cevaplar.",
  "2026-12-07": "Ömrüm... Yanımda olman her şeye bedel.",
  "2026-12-08": "Her Şeyim... Hayatımda sen varsın ya, başka bir şey istemem.",
  "2026-12-09": "Hayatıma Anlam Katan Güzellik... Sana sarıldığımda dünya durabilir, umurumda değil.",
  "2026-12-10": "Sindirellam... Seninle her şey daha güzel, daha anlamlı, daha gerçek.",
  "2026-12-11": "Sevgilim... Gönlümdeki en özel yer hep senin.",
  "2026-12-12": "Her Şeyim... Sen benim mucizemsin.",
  "2026-12-13": "Her Şeyim... Gülüşün kalbimin anahtarı.",
  "2026-12-14": "Galadrielim... Aşkla atan her kalp senin gibi sevmeli.",
  "2026-12-15": "Simeam... Senin yanında olmak, yıldızlara dokunmak gibi.",
  "2026-12-16": "Prensesim... Kalbim seni düşündüğünde çiçek açıyor.",
  "2026-12-17": "Moanam... Adını duyduğumda bile içim titriyor.",
  "2026-12-18": "Sindirellam... Seninle geçen her saniye ömre bedel.",
  "2026-12-19": "Elsam... Varlığın içimi umutla dolduruyor.",
  "2026-12-20": "Hayatıma Anlam Katan Güzellik... Sen benim kalbimin diğer yarısısın.",
  "2026-12-21": "Galadrielim... Bir bakışınla tüm dertlerim kayboluyor.",
  "2026-12-22": "Prensesim... Seninle geçen gün, en özel hikâyem oluyor.",
  "2026-12-23": "Moanam... Yokluğun bile bana seni ne kadar sevdiğimi hatırlatıyor.",
  "2026-12-24": "Sevgilim... Kalbimde senin adınla başlayan bir şiir var.",
  "2026-12-25": "Her Şeyim... Seninle geçen her an kalbimde sonsuzluk gibi iz bırakıyor.",
  "2026-12-26": "Birtanem... Gözlerin, gecemi aydınlatan en parlak yıldız gibi parlıyor.",
  "2026-12-27": "Birtanem... Kalbim senin adını her atışında yeniden fısıldıyor.",
  "2026-12-28": "Hayatıma Anlam Katan Güzellik... Sensizlik fikri bile içimi ürpertiyor, hep yanımda ol.",
  "2026-12-29": "Arwenim... Sesin, huzurun en güzel hali gibi sarıyor ruhumu.",
  "2026-12-30": "Moanam... Birlikte kurduğumuz hayallerle her yeni güne umutla başlıyorum.",
  "2026-12-31": "Kıvırcığım... Sana dokunduğumda tüm dünya susuyor, sadece kalbimizin sesi kalıyor.",
  "2027-01-01": "Arwenim... Seninle olmak, hayatın anlamını yeniden yazmak gibi.",
  "2027-01-02": "Arwenim... Varlığınla tamamlanıyorum, sen olmadan hep bir şeyler eksik.",
  "2027-01-03": "Birtanem... Kokun bana güvenin ve sevginin hikâyesini anlatıyor.",
  "2027-01-04": "Moanam... Senin gözlerinde kaybolmak, en güzel yolculuk benim için.",
  "2027-01-05": "Arwenim... Aklım, kalbim, ruhum… hepsi sana ait artık.",
  "2027-01-06": "Prensesim... Hayatımın en güzel 'iyi ki'si sensin.",
  "2027-01-07": "Hayatıma Anlam Katan Güzellik... Gülüşün, içimde çiçekler açtırıyor.",
  "2027-01-08": "Elsam... Sen benim en derin duam, en içten hayalim oldun.",
  "2027-01-09": "Sindirellam... Ne zaman göz göze gelsek, zaman duruyor sanki.",
  "2027-01-10": "Prensesim... Sana her baktığımda kalbim 'evet, işte bu' diyor.",
  "2027-01-11": "Moanam... Sevgin içimi ısıtan bir kış güneşi gibi.",
  "2027-01-12": "Arwenim... Senin varlığınla karanlıklarım aydınlanıyor.",
  "2027-01-13": "Elsam... Yüreğimde bir tek senin adın yankılanıyor.",
  "2027-01-14": "Birtanem... Beni benden alıp, bambaşka bir dünyaya götürüyorsun.",
  "2027-01-15": "Hayatıma Anlam Katan Güzellik... Sen benim en tatlı alışkanlığım, en güzel tesadüfümsün.",
  "2027-01-16": "Simeam... Birlikte yaşlanmak tek hayalim, sevgilim.",
  "2027-01-17": "Arwenim... Sana dokunduğumda bütün hayat susuyor.",
  "2027-01-18": "Ömrüm... Seninle bir ömür değil, sonsuzluk bile yetmez bana.",
  "2027-01-19": "Sevgilim... Her sabah seninle uyanma fikri bile cennet gibi.",
  "2027-01-20": "Elsam... Sensiz geçen gün, eksik bir hikâyeye benziyor.",
  "2027-01-21": "Güzelim... Kalbim seni görünce dans ediyor.",
  "2027-01-22": "Arwenim... Seninle konuşmak bile yetiyor mutlu olmama.",
  "2027-01-23": "Kıvırcığım... Sonsuza dek kalbimde olacaksın, bunu bil yeter.",
  "2027-01-24": "Her Şeyim... Varlığın ruhuma yazılmış bir şiir gibi.",
  "2027-01-25": "Sevgilim... Her gülüşün bana huzurun resmini çiziyor.",
  "2027-01-26": "Elsam... Senin gözlerinde saklı tüm cevaplar.",
  "2027-01-27": "Ömrüm... Yanımda olman her şeye bedel.",
  "2027-01-28": "Galadrielim... Hayatımda sen varsın ya, başka bir şey istemem.",
  "2027-01-29": "Güzelim... Sana sarıldığımda dünya durabilir, umurumda değil.",
  "2027-01-30": "Güzelim... Seninle her şey daha güzel, daha anlamlı, daha gerçek.",
  "2027-01-31": "Her Şeyim... Gönlümdeki en özel yer hep senin.",
  "2027-02-01": "Sevgilim... Sen benim mucizemsin.",
  "2027-02-02": "Simeam... Gülüşün kalbimin anahtarı.",
  "2027-02-03": "Güzelim... Aşkla atan her kalp senin gibi sevmeli.",
  "2027-02-04": "Arwenim... Senin yanında olmak, yıldızlara dokunmak gibi.",
  "2027-02-05": "Simeam... Kalbim seni düşündüğünde çiçek açıyor.",
  "2027-02-06": "Kıvırcığım... Adını duyduğumda bile içim titriyor.",
  "2027-02-07": "Prensesim... Seninle geçen her saniye ömre bedel.",
  "2027-02-08": "Her Şeyim... Varlığın içimi umutla dolduruyor.",
  "2027-02-09": "Elsam... Sen benim kalbimin diğer yarısısın.",
  "2027-02-10": "Güzelim... Bir bakışınla tüm dertlerim kayboluyor.",
  "2027-02-11": "Prensesim... Seninle geçen gün, en özel hikâyem oluyor.",
  "2027-02-12": "Kıvırcığım... Yokluğun bile bana seni ne kadar sevdiğimi hatırlatıyor.",
  "2027-02-13": "Arwenim... Kalbimde senin adınla başlayan bir şiir var.",
  "2027-02-14": "Arwenim... Seninle geçen her an kalbimde sonsuzluk gibi iz bırakıyor.",
  "2027-02-15": "Moanam... Gözlerin, gecemi aydınlatan en parlak yıldız gibi parlıyor.",
  "2027-02-16": "Kıvırcığım... Kalbim senin adını her atışında yeniden fısıldıyor.",
  "2027-02-17": "Birtanem... Sensizlik fikri bile içimi ürpertiyor, hep yanımda ol.",
  "2027-02-18": "Simeam... Sesin, huzurun en güzel hali gibi sarıyor ruhumu.",
  "2027-02-19": "Prensesim... Birlikte kurduğumuz hayallerle her yeni güne umutla başlıyorum.",
  "2027-02-20": "Simeam... Sana dokunduğumda tüm dünya susuyor, sadece kalbimizin sesi kalıyor.",
  "2027-02-21": "Moanam... Seninle olmak, hayatın anlamını yeniden yazmak gibi.",
  "2027-02-22": "Simeam... Varlığınla tamamlanıyorum, sen olmadan hep bir şeyler eksik.",
  "2027-02-23": "Moanam... Kokun bana güvenin ve sevginin hikâyesini anlatıyor.",
  "2027-02-24": "Elsam... Senin gözlerinde kaybolmak, en güzel yolculuk benim için.",
  "2027-02-25": "Moanam... Aklım, kalbim, ruhum… hepsi sana ait artık.",
  "2027-02-26": "Kıvırcığım... Hayatımın en güzel 'iyi ki'si sensin.",
  "2027-02-27": "Kıvırcığım... Gülüşün, içimde çiçekler açtırıyor.",
  "2027-02-28": "Ömrüm... Sen benim en derin duam, en içten hayalim oldun.",
  "2027-03-01": "Elsam... Ne zaman göz göze gelsek, zaman duruyor sanki.",
  "2027-03-02": "Güzelim... Sana her baktığımda kalbim 'evet, işte bu' diyor.",
  "2027-03-03": "Birtanem... Sevgin içimi ısıtan bir kış güneşi gibi.",
  "2027-03-04": "Hayatıma Anlam Katan Güzellik... Senin varlığınla karanlıklarım aydınlanıyor.",
  "2027-03-05": "Birtanem... Yüreğimde bir tek senin adın yankılanıyor.",
  "2027-03-06": "Galadrielim... Beni benden alıp, bambaşka bir dünyaya götürüyorsun.",
  "2027-03-07": "Sindirellam... Sen benim en tatlı alışkanlığım, en güzel tesadüfümsün.",
  "2027-03-08": "Her Şeyim... Birlikte yaşlanmak tek hayalim, sevgilim.",
  "2027-03-09": "Galadrielim... Sana dokunduğumda bütün hayat susuyor.",
  "2027-03-10": "Arwenim... Seninle bir ömür değil, sonsuzluk bile yetmez bana.",
  "2027-03-11": "Elsam... Her sabah seninle uyanma fikri bile cennet gibi.",
  "2027-03-12": "Sevgilim... Sensiz geçen gün, eksik bir hikâyeye benziyor.",
  "2027-03-13": "Arwenim... Kalbim seni görünce dans ediyor.",
  "2027-03-14": "Elsam... Seninle konuşmak bile yetiyor mutlu olmama.",
  "2027-03-15": "Simeam... Sonsuza dek kalbimde olacaksın, bunu bil yeter.",
  "2027-03-16": "Ömrüm... Varlığın ruhuma yazılmış bir şiir gibi.",
  "2027-03-17": "Simeam... Her gülüşün bana huzurun resmini çiziyor.",
  "2027-03-18": "Sindirellam... Senin gözlerinde saklı tüm cevaplar.",
  "2027-03-19": "Sindirellam... Yanımda olman her şeye bedel.",
  "2027-03-20": "Her Şeyim... Hayatımda sen varsın ya, başka bir şey istemem.",
  "2027-03-21": "Her Şeyim... Sana sarıldığımda dünya durabilir, umurumda değil.",
  "2027-03-22": "Her Şeyim... Seninle her şey daha güzel, daha anlamlı, daha gerçek.",
  "2027-03-23": "Kıvırcığım... Gönlümdeki en özel yer hep senin.",
  "2027-03-24": "Galadrielim... Sen benim mucizemsin.",
  "2027-03-25": "Galadrielim... Gülüşün kalbimin anahtarı.",
  "2027-03-26": "Moanam... Aşkla atan her kalp senin gibi sevmeli.",
  "2027-03-27": "Galadrielim... Senin yanında olmak, yıldızlara dokunmak gibi.",
  "2027-03-28": "Galadrielim... Kalbim seni düşündüğünde çiçek açıyor.",
  "2027-03-29": "Sevgilim... Adını duyduğumda bile içim titriyor.",
  "2027-03-30": "Ömrüm... Seninle geçen her saniye ömre bedel.",
  "2027-03-31": "Simeam... Varlığın içimi umutla dolduruyor.",
  "2027-04-01": "Galadrielim... Sen benim kalbimin diğer yarısısın.",
  "2027-04-02": "Her Şeyim... Bir bakışınla tüm dertlerim kayboluyor.",
  "2027-04-03": "Galadrielim... Seninle geçen gün, en özel hikâyem oluyor.",
  "2027-04-04": "Sevgilim... Yokluğun bile bana seni ne kadar sevdiğimi hatırlatıyor.",
  "2027-04-05": "Güzelim... Kalbimde senin adınla başlayan bir şiir var.",
  "2027-04-06": "Her Şeyim... Seninle geçen her an kalbimde sonsuzluk gibi iz bırakıyor.",
  "2027-04-07": "Ömrüm... Gözlerin, gecemi aydınlatan en parlak yıldız gibi parlıyor.",
  "2027-04-08": "Birtanem... Kalbim senin adını her atışında yeniden fısıldıyor.",
  "2027-04-09": "Galadrielim... Sensizlik fikri bile içimi ürpertiyor, hep yanımda ol.",
  "2027-04-10": "Elsam... Sesin, huzurun en güzel hali gibi sarıyor ruhumu.",
  "2027-04-11": "Her Şeyim... Birlikte kurduğumuz hayallerle her yeni güne umutla başlıyorum.",
  "2027-04-12": "Sevgilim... Sana dokunduğumda tüm dünya susuyor, sadece kalbimizin sesi kalıyor.",
  "2027-04-13": "Kıvırcığım... Seninle olmak, hayatın anlamını yeniden yazmak gibi.",
  "2027-04-14": "Kıvırcığım... Varlığınla tamamlanıyorum, sen olmadan hep bir şeyler eksik.",
  "2027-04-15": "Ömrüm... Kokun bana güvenin ve sevginin hikâyesini anlatıyor.",
  "2027-04-16": "Her Şeyim... Senin gözlerinde kaybolmak, en güzel yolculuk benim için.",
  "2027-04-17": "Galadrielim... Aklım, kalbim, ruhum… hepsi sana ait artık.",
  "2027-04-18": "Ömrüm... Hayatımın en güzel 'iyi ki'si sensin.",
  "2027-04-19": "Elsam... Gülüşün, içimde çiçekler açtırıyor.",
  "2027-04-20": "Ömrüm... Sen benim en derin duam, en içten hayalim oldun.",
  "2027-04-21": "Birtanem... Ne zaman göz göze gelsek, zaman duruyor sanki.",
  "2027-04-22": "Galadrielim... Sana her baktığımda kalbim 'evet, işte bu' diyor.",
  "2027-04-23": "Kıvırcığım... Sevgin içimi ısıtan bir kış güneşi gibi.",
  "2027-04-24": "Sindirellam... Senin varlığınla karanlıklarım aydınlanıyor.",
  "2027-04-25": "Arwenim... Yüreğimde bir tek senin adın yankılanıyor.",
  "2027-04-26": "Simeam... Beni benden alıp, bambaşka bir dünyaya götürüyorsun.",
  "2027-04-27": "Sevgilim... Sen benim en tatlı alışkanlığım, en güzel tesadüfümsün.",
  "2027-04-28": "Güzelim... Birlikte yaşlanmak tek hayalim, sevgilim.",
  "2027-04-29": "Hayatıma Anlam Katan Güzellik... Sana dokunduğumda bütün hayat susuyor.",
  "2027-04-30": "Galadrielim... Seninle bir ömür değil, sonsuzluk bile yetmez bana.",
  "2027-05-01": "Güzelim... Her sabah seninle uyanma fikri bile cennet gibi.",
  "2027-05-02": "Her Şeyim... Sensiz geçen gün, eksik bir hikâyeye benziyor.",
  "2027-05-03": "Güzelim... Kalbim seni görünce dans ediyor.",
  "2027-05-04": "Moanam... Seninle konuşmak bile yetiyor mutlu olmama.",
  "2027-05-05": "Arwenim... Sonsuza dek kalbimde olacaksın, bunu bil yeter.",
  "2027-05-06": "Simeam... Varlığın ruhuma yazılmış bir şiir gibi.",
  "2027-05-07": "Sindirellam... Her gülüşün bana huzurun resmini çiziyor.",
  "2027-05-08": "Sindirellam... Senin gözlerinde saklı tüm cevaplar.",
  "2027-05-09": "Kıvırcığım... Yanımda olman her şeye bedel.",
  "2027-05-10": "Hayatıma Anlam Katan Güzellik... Hayatımda sen varsın ya, başka bir şey istemem.",
  "2027-05-11": "Sevgilim... Sana sarıldığımda dünya durabilir, umurumda değil.",
  "2027-05-12": "Kıvırcığım... Seninle her şey daha güzel, daha anlamlı, daha gerçek.",
  "2027-05-13": "Prensesim... Gönlümdeki en özel yer hep senin.",
  "2027-05-14": "Galadrielim... Sen benim mucizemsin.",
  "2027-05-15": "Güzelim... Gülüşün kalbimin anahtarı.",
  "2027-05-16": "Sevgilim... Aşkla atan her kalp senin gibi sevmeli.",
  "2027-05-17": "Moanam... Senin yanında olmak, yıldızlara dokunmak gibi.",
  "2027-05-18": "Simeam... Kalbim seni düşündüğünde çiçek açıyor.",
  "2027-05-19": "Birtanem... Adını duyduğumda bile içim titriyor.",
  "2027-05-20": "Sevgilim... Seninle geçen her saniye ömre bedel.",
  "2027-05-21": "Birtanem... Varlığın içimi umutla dolduruyor.",
  "2027-05-22": "Her Şeyim... Sen benim kalbimin diğer yarısısın.",
  "2027-05-23": "Arwenim... Bir bakışınla tüm dertlerim kayboluyor.",
  "2027-05-24": "Kıvırcığım... Seninle geçen gün, en özel hikâyem oluyor.",
  "2027-05-25": "Güzelim... Yokluğun bile bana seni ne kadar sevdiğimi hatırlatıyor.",
  "2027-05-26": "Hayatıma Anlam Katan Güzellik... Kalbimde senin adınla başlayan bir şiir var.",
  "2027-05-27": "Her Şeyim... Seninle geçen her an kalbimde sonsuzluk gibi iz bırakıyor.",
  "2027-05-28": "Simeam... Gözlerin, gecemi aydınlatan en parlak yıldız gibi parlıyor.",
  "2027-05-29": "Hayatıma Anlam Katan Güzellik... Kalbim senin adını her atışında yeniden fısıldıyor.",
  "2027-05-30": "Her Şeyim... Sensizlik fikri bile içimi ürpertiyor, hep yanımda ol.",
  "2027-05-31": "Galadrielim... Sesin, huzurun en güzel hali gibi sarıyor ruhumu.",
  "2027-06-01": "Kıvırcığım... Birlikte kurduğumuz hayallerle her yeni güne umutla başlıyorum.",
  "2027-06-02": "Her Şeyim... Sana dokunduğumda tüm dünya susuyor, sadece kalbimizin sesi kalıyor.",
  "2027-06-03": "Simeam... Seninle olmak, hayatın anlamını yeniden yazmak gibi.",
  "2027-06-04": "Her Şeyim... Varlığınla tamamlanıyorum, sen olmadan hep bir şeyler eksik.",
  "2027-06-05": "Birtanem... Kokun bana güvenin ve sevginin hikâyesini anlatıyor.",
  "2027-06-06": "Ömrüm... Senin gözlerinde kaybolmak, en güzel yolculuk benim için.",
  "2027-06-07": "Moanam... Aklım, kalbim, ruhum… hepsi sana ait artık.",
  "2027-06-08": "Sindirellam... Hayatımın en güzel 'iyi ki'si sensin.",
  "2027-06-09": "Elsam... Gülüşün, içimde çiçekler açtırıyor.",
  "2027-06-10": "Her Şeyim... Sen benim en derin duam, en içten hayalim oldun.",
  "2027-06-11": "Arwenim... Ne zaman göz göze gelsek, zaman duruyor sanki.",
  "2027-06-12": "Elsam... Sana her baktığımda kalbim 'evet, işte bu' diyor.",
  "2027-06-13": "Kıvırcığım... Sevgin içimi ısıtan bir kış güneşi gibi.",
  "2027-06-14": "Sevgilim... Senin varlığınla karanlıklarım aydınlanıyor.",
  "2027-06-15": "Prensesim... Yüreğimde bir tek senin adın yankılanıyor.",
  "2027-06-16": "Birtanem... Beni benden alıp, bambaşka bir dünyaya götürüyorsun.",
  "2027-06-17": "Güzelim... Sen benim en tatlı alışkanlığım, en güzel tesadüfümsün.",
  "2027-06-18": "Galadrielim... Birlikte yaşlanmak tek hayalim, sevgilim.",
  "2027-06-19": "Ömrüm... Sana dokunduğumda bütün hayat susuyor.",
  "2027-06-20": "Arwenim... Seninle bir ömür değil, sonsuzluk bile yetmez bana.",
  "2027-06-21": "Her Şeyim... Her sabah seninle uyanma fikri bile cennet gibi.",
  "2027-06-22": "Sevgilim... Sensiz geçen gün, eksik bir hikâyeye benziyor.",
  "2027-06-23": "Sindirellam... Kalbim seni görünce dans ediyor.",
  "2027-06-24": "Hayatıma Anlam Katan Güzellik... Seninle konuşmak bile yetiyor mutlu olmama.",
  "2027-06-25": "Simeam... Sonsuza dek kalbimde olacaksın, bunu bil yeter.",
  "2027-06-26": "Birtanem... Varlığın ruhuma yazılmış bir şiir gibi.",
  "2027-06-27": "Birtanem... Her gülüşün bana huzurun resmini çiziyor.",
  "2027-06-28": "Her Şeyim... Senin gözlerinde saklı tüm cevaplar.",
  "2027-06-29": "Prensesim... Yanımda olman her şeye bedel.",
  "2027-06-30": "Kıvırcığım... Hayatımda sen varsın ya, başka bir şey istemem.",
  "2027-07-01": "Prensesim... Sana sarıldığımda dünya durabilir, umurumda değil.",
  "2027-07-02": "Birtanem... Seninle her şey daha güzel, daha anlamlı, daha gerçek.",
  "2027-07-03": "Sevgilim... Gönlümdeki en özel yer hep senin.",
  "2027-07-04": "Ömrüm... Sen benim mucizemsin.",
  "2027-07-05": "Galadrielim... Gülüşün kalbimin anahtarı.",
  "2027-07-06": "Kıvırcığım... Aşkla atan her kalp senin gibi sevmeli.",
  "2027-07-07": "Kıvırcığım... Senin yanında olmak, yıldızlara dokunmak gibi.",
  "2027-07-08": "Güzelim... Kalbim seni düşündüğünde çiçek açıyor.",
  "2027-07-09": "Sevgilim... Adını duyduğumda bile içim titriyor.",
  "2027-07-10": "Ömrüm... Seninle geçen her saniye ömre bedel.",
  "2027-07-11": "Moanam... Varlığın içimi umutla dolduruyor.",
  "2027-07-12": "Sevgilim... Sen benim kalbimin diğer yarısısın.",
  "2027-07-13": "Galadrielim... Bir bakışınla tüm dertlerim kayboluyor.",
  "2027-07-14": "Hayatıma Anlam Katan Güzellik... Seninle geçen gün, en özel hikâyem oluyor.",
  "2027-07-15": "Her Şeyim... Yokluğun bile bana seni ne kadar sevdiğimi hatırlatıyor.",
  "2027-07-16": "Prensesim... Kalbimde senin adınla başlayan bir şiir var.",
  "2027-07-17": "Güzelim... Seninle geçen her an kalbimde sonsuzluk gibi iz bırakıyor.",
  "2027-07-18": "Birtanem... Gözlerin, gecemi aydınlatan en parlak yıldız gibi parlıyor.",
  "2027-07-19": "Güzelim... Kalbim senin adını her atışında yeniden fısıldıyor.",
  "2027-07-20": "Arwenim... Sensizlik fikri bile içimi ürpertiyor, hep yanımda ol.",
  "2027-07-21": "Simeam... Sesin, huzurun en güzel hali gibi sarıyor ruhumu.",
  "2027-07-22": "Sevgilim... Birlikte kurduğumuz hayallerle her yeni güne umutla başlıyorum.",
  "2027-07-23": "Moanam... Varlığın içimi umutla dolduruyor.",
  "2027-07-24": "Sevgilim... Sen benim kalbimin diğer yarısısın.",
  "2027-07-25": "Galadrielim... Bir bakışınla tüm dertlerim kayboluyor.",
  "2027-07-26": "Hayatıma Anlam Katan Güzellik... Seninle geçen gün, en özel hikâyem oluyor.",
  "2027-07-27": "Her Şeyim... Yokluğun bile bana seni ne kadar sevdiğimi hatırlatıyor.",
  "2027-07-28": "Prensesim... Kalbimde senin adınla başlayan bir şiir var.",
  "2027-07-29": "Güzelim... Seninle geçen her an kalbimde sonsuzluk gibi iz bırakıyor.",
  "2027-07-30": "Birtanem... Gözlerin, gecemi aydınlatan en parlak yıldız gibi parlıyor.",
  "2027-07-31": "Güzelim... Kalbim senin adını her atışında yeniden fısıldıyor."
}